UserID,Version,Age,IncomeBracket,CreditScoreRange,ExistingCustomer,SessionDuration_seconds,ApplicationCompleted
1001,A,64,Medium,Poor,True,301,False
1002,B,29,High,Good,False,172,False
1003,B,33,High,Excellent,False,279,False
1004,B,41,Low,Poor,True,137,False
1005,A,36,Low,Excellent,False,98,False
1006,A,25,Medium,Good,True,276,False
1007,A,48,Medium,Fair,False,290,False
1008,B,38,High,Poor,True,311,False
1009,B,34,Very High,Good,False,108,False
1010,B,40,Medium,Good,True,180,False
1011,A,54,Low,Good,False,217,False
1012,B,71,High,Poor,True,426,False
1013,B,33,Medium,Poor,False,359,False
1014,A,23,High,Fair,False,554,False
1015,A,25,Medium,Fair,False,395,False
1016,A,42,High,Fair,False,391,False
1017,A,35,Low,Fair,False,359,False
1018,B,42,Medium,Good,False,218,False
1019,A,29,Medium,Excellent,False,124,False
1020,A,32,Medium,Fair,True,172,False
1021,B,43,Low,Excellent,False,37,False
1022,A,58,High,Fair,False,96,False
1023,A,62,High,Good,False,525,False
1024,A,43,Low,Fair,False,220,False
1025,A,64,Low,Good,True,395,False
1026,B,49,Low,Excellent,True,797,True
1027,A,27,Medium,Good,False,550,False
1028,B,33,Medium,Fair,False,146,False
1029,B,24,Medium,Good,False,296,False
1030,A,34,Low,Poor,False,490,False
1031,B,40,Medium,Excellent,False,514,True
1032,A,43,Medium,Good,True,538,False
1033,A,38,Medium,Fair,False,327,False
1034,B,39,Very High,Good,False,193,False
1035,B,75,Low,Good,True,405,False
1036,B,24,High,Poor,False,682,True
1037,A,31,Medium,Good,False,297,True
1038,A,32,Medium,Fair,True,578,False
1039,B,70,High,Good,True,103,False
1040,A,24,High,Good,False,537,False
1041,A,26,Very High,Good,True,643,True
1042,A,68,Low,Good,False,337,False
1043,A,65,Low,Good,False,228,False
1044,B,25,High,Poor,False,159,False
1045,A,67,Medium,Good,False,511,False
1046,B,40,Medium,Fair,True,394,False
1047,A,46,Low,Good,False,104,False
1048,B,35,Low,Fair,True,210,False
1049,B,48,High,Poor,False,597,False
1050,A,47,Low,Good,True,130,False
1051,B,69,Medium,Poor,False,406,False
1052,B,56,Low,Good,True,516,False
1053,B,52,Medium,Fair,True,250,False
1054,B,35,Low,Poor,True,180,False
1055,B,59,Medium,Good,True,425,False
1056,B,56,Low,Poor,False,235,False
1057,A,34,High,Fair,True,208,False
1058,A,31,Low,Good,False,226,True
1059,A,48,Medium,Poor,False,244,False
1060,A,41,High,Good,False,118,False
1061,A,52,High,Poor,True,550,False
1062,A,61,Medium,Fair,True,463,False
1063,B,62,Medium,Good,False,539,False
1064,A,51,Medium,Fair,True,255,False
1065,A,20,High,Poor,True,212,False
1066,B,54,Very High,Fair,False,238,False
1067,A,60,High,Fair,False,522,False
1068,B,57,Medium,Good,False,159,False
1069,A,43,High,Fair,True,365,False
1070,B,72,Medium,Good,False,188,True
1071,B,40,Low,Excellent,True,542,False
1072,A,61,Medium,Fair,True,397,False
1073,A,56,Very High,Excellent,False,199,False
1074,B,32,Low,Fair,True,135,False
1075,B,73,High,Excellent,True,404,True
1076,B,66,Low,Poor,True,179,False
1077,B,21,Medium,Good,False,736,True
1078,A,46,Low,Good,False,228,False
1079,A,39,Medium,Fair,False,128,False
1080,A,42,High,Good,False,276,False
1081,B,30,Medium,Good,True,268,False
1082,B,35,High,Poor,False,197,False
1083,A,50,High,Fair,True,221,False
1084,A,33,Very High,Good,True,354,False
1085,A,62,Low,Good,False,409,False
1086,A,59,Medium,Excellent,False,396,False
1087,B,61,Low,Good,True,496,False
1088,B,19,Very High,Excellent,True,396,False
1089,B,72,Very High,Good,True,347,False
1090,A,52,Medium,Fair,True,173,False
1091,A,59,High,Poor,False,413,False
1092,B,51,Medium,Good,False,245,False
1093,B,47,Medium,Good,False,390,False
1094,B,72,Low,Poor,False,353,False
1095,B,30,High,Fair,True,44,False
1096,A,30,Low,Excellent,False,246,False
1097,B,35,High,Good,False,521,True
1098,A,49,High,Fair,False,576,True
1099,A,49,High,Good,False,212,False
1100,A,52,Low,Fair,False,299,False
1101,A,56,Medium,Fair,True,496,False
1102,B,63,Medium,Fair,False,113,False
1103,A,69,Medium,Poor,True,557,False
1104,B,46,Low,Good,True,548,False
1105,B,66,Very High,Fair,True,571,False
1106,A,46,Medium,Good,True,496,False
1107,A,70,Medium,Excellent,False,334,False
1108,B,61,Medium,Fair,False,173,False
1109,A,74,Medium,Good,False,140,False
1110,A,33,Medium,Good,False,261,False
1111,A,73,Medium,Excellent,False,48,False
1112,A,61,Very High,Fair,True,36,False
1113,B,64,Medium,Good,True,751,True
1114,B,74,Very High,Good,False,761,True
1115,B,27,High,Fair,False,354,False
1116,B,47,Low,Poor,False,529,True
1117,B,42,Very High,Good,True,326,False
1118,A,56,Low,Good,True,583,False
1119,B,37,High,Fair,False,302,False
1120,B,22,Medium,Good,True,387,False
1121,B,18,High,Fair,True,202,False
1122,B,47,High,Good,False,36,False
1123,A,66,High,Fair,True,184,False
1124,A,20,High,Excellent,False,551,True
1125,A,62,Medium,Fair,True,575,False
1126,A,31,Low,Fair,True,577,False
1127,B,73,Medium,Poor,True,547,False
1128,B,47,Low,Poor,False,244,False
1129,A,67,High,Good,True,163,True
1130,B,21,Medium,Fair,False,314,True
1131,A,35,Very High,Good,True,155,False
1132,A,54,Medium,Poor,False,468,False
1133,A,42,High,Fair,True,200,False
1134,A,65,Low,Fair,False,715,True
1135,B,18,High,Poor,False,181,False
1136,A,70,Very High,Poor,False,360,True
1137,B,63,Medium,Fair,True,567,False
1138,B,32,Medium,Good,True,412,False
1139,A,26,High,Fair,True,144,False
1140,B,32,Low,Good,False,511,False
1141,B,66,Medium,Good,False,313,False
1142,A,74,Medium,Poor,False,104,False
1143,A,41,Low,Good,True,195,False
1144,A,21,Medium,Excellent,True,218,False
1145,A,29,Low,Good,True,107,False
1146,A,75,Low,Good,False,156,False
1147,B,54,Low,Fair,False,717,True
1148,B,54,Very High,Good,False,50,False
1149,A,60,Medium,Good,True,595,True
1150,A,23,Very High,Good,False,213,False
1151,B,56,Medium,Excellent,False,546,False
1152,A,73,Medium,Poor,True,251,False
1153,A,63,Medium,Poor,False,86,False
1154,A,41,Medium,Good,False,357,False
1155,B,28,Low,Good,False,208,False
1156,A,30,Medium,Poor,False,416,False
1157,B,51,Low,Fair,True,141,False
1158,B,42,Medium,Poor,True,581,False
1159,A,24,High,Fair,False,266,False
1160,B,69,Low,Good,True,88,False
1161,A,21,Low,Good,False,356,False
1162,B,25,High,Fair,False,138,False
1163,B,37,Medium,Fair,False,213,False
1164,B,46,Low,Poor,False,220,False
1165,A,71,Very High,Fair,True,229,False
1166,B,70,Low,Good,True,341,False
1167,A,68,High,Excellent,True,230,False
1168,A,62,Very High,Good,False,441,True
1169,A,63,Low,Poor,True,408,False
1170,B,27,Low,Excellent,True,416,False
1171,B,60,Low,Good,False,583,False
1172,A,51,Medium,Good,False,266,False
1173,B,74,Low,Good,True,46,False
1174,A,43,High,Fair,True,548,True
1175,B,58,Low,Fair,False,312,False
1176,A,66,Medium,Poor,True,30,False
1177,B,75,Very High,Fair,True,452,False
1178,A,20,High,Fair,True,493,False
1179,B,73,Medium,Good,False,259,False
1180,A,23,Medium,Good,True,201,False
1181,A,22,Medium,Good,False,116,False
1182,A,22,Medium,Poor,False,582,False
1183,B,71,Medium,Excellent,False,152,True
1184,B,64,Low,Excellent,True,872,True
1185,A,40,High,Good,False,327,True
1186,B,66,Medium,Excellent,False,314,False
1187,B,26,Low,Good,False,336,False
1188,B,52,Medium,Excellent,False,513,True
1189,B,37,Medium,Poor,False,194,False
1190,A,75,High,Fair,False,239,False
1191,A,66,High,Fair,False,412,False
1192,B,59,High,Fair,False,238,False
1193,B,52,Low,Poor,True,238,False
1194,B,67,Medium,Good,True,461,False
1195,A,35,Medium,Good,True,418,True
1196,A,34,Low,Good,False,589,False
1197,B,41,Medium,Poor,False,253,True
1198,B,20,High,Good,False,32,False
1199,B,49,Low,Good,False,401,False
1200,B,52,Medium,Fair,False,394,False
1201,B,55,Low,Good,False,475,False
1202,A,30,Low,Fair,True,462,False
1203,A,73,Low,Fair,False,145,False
1204,B,64,Very High,Excellent,True,299,False
1205,B,42,High,Fair,True,476,False
1206,A,26,Very High,Good,True,397,False
1207,A,21,Medium,Excellent,True,282,False
1208,B,31,Low,Good,False,346,False
1209,A,54,Medium,Poor,False,444,False
1210,A,51,Medium,Poor,True,124,False
1211,B,28,High,Poor,False,111,False
1212,B,58,Low,Good,False,53,False
1213,B,73,Medium,Fair,True,191,False
1214,A,20,Low,Poor,False,431,False
1215,B,45,Medium,Excellent,True,879,True
1216,A,46,High,Good,False,79,False
1217,A,26,Medium,Fair,False,531,False
1218,B,20,Medium,Good,True,229,False
1219,B,42,Medium,Good,True,527,False
1220,B,51,Medium,Poor,False,364,False
1221,B,29,High,Fair,False,108,False
1222,B,59,High,Good,True,33,False
1223,A,26,Very High,Good,False,56,False
1224,A,32,High,Good,False,300,False
1225,A,57,Medium,Fair,False,591,False
1226,A,42,High,Poor,False,179,False
1227,B,22,Medium,Fair,False,276,False
1228,A,28,Medium,Fair,False,340,False
1229,B,51,High,Fair,False,620,True
1230,B,41,Low,Poor,True,416,False
1231,B,32,Very High,Good,True,380,False
1232,B,55,Medium,Excellent,True,588,False
1233,B,25,Medium,Good,False,390,False
1234,A,22,High,Excellent,False,387,False
1235,A,65,High,Fair,True,517,False
1236,B,43,Medium,Excellent,False,381,False
1237,A,35,Medium,Fair,False,492,False
1238,A,23,Low,Excellent,True,285,False
1239,B,54,Medium,Excellent,False,251,False
1240,A,65,Low,Good,True,347,False
1241,B,30,High,Excellent,True,810,True
1242,B,45,Medium,Good,False,30,False
1243,B,22,High,Fair,False,575,False
1244,A,30,Low,Fair,True,475,False
1245,A,34,Low,Good,False,617,True
1246,B,67,High,Poor,False,265,False
1247,A,57,Low,Good,True,363,False
1248,B,62,Low,Excellent,True,378,False
1249,B,49,Low,Fair,False,127,False
1250,B,46,Very High,Good,True,809,True
1251,A,68,High,Excellent,False,531,False
1252,A,75,Medium,Excellent,False,506,False
1253,B,20,Medium,Excellent,False,103,False
1254,A,73,Medium,Good,True,538,False
1255,A,57,High,Excellent,False,579,False
1256,B,51,High,Good,False,43,False
1257,B,57,Low,Fair,True,421,False
1258,B,44,Low,Good,True,376,False
1259,B,30,Low,Good,True,339,True
1260,A,62,High,Fair,False,415,False
1261,B,50,High,Good,False,238,False
1262,B,23,Medium,Good,True,386,False
1263,A,41,Low,Fair,False,306,False
1264,B,36,Low,Good,True,597,False
1265,B,33,Very High,Good,False,123,False
1266,B,57,Medium,Good,True,122,False
1267,B,45,High,Poor,False,369,False
1268,B,50,Medium,Poor,False,197,False
1269,A,65,Medium,Fair,False,474,False
1270,A,58,Low,Excellent,True,85,False
1271,B,30,Low,Fair,True,51,False
1272,B,60,Medium,Good,False,320,False
1273,B,62,High,Fair,True,514,False
1274,B,42,Medium,Fair,True,291,False
1275,B,70,Medium,Good,True,335,False
1276,B,59,Low,Good,False,384,False
1277,B,53,Very High,Poor,False,157,False
1278,B,44,High,Fair,False,209,False
1279,B,55,Medium,Poor,True,302,False
1280,B,24,Very High,Good,True,503,False
1281,B,22,Medium,Good,False,471,False
1282,A,60,Medium,Poor,False,532,False
1283,A,62,High,Fair,True,159,False
1284,A,75,High,Fair,False,161,False
1285,B,74,High,Excellent,True,113,False
1286,A,68,Low,Excellent,False,511,False
1287,A,48,Medium,Poor,True,522,False
1288,B,40,Very High,Good,False,419,False
1289,A,59,Low,Fair,False,382,False
1290,B,27,Medium,Fair,False,354,False
1291,A,49,Medium,Good,True,98,False
1292,A,60,Medium,Excellent,False,576,False
1293,B,70,Medium,Excellent,False,477,False
1294,A,47,Very High,Good,True,557,False
1295,A,56,Low,Fair,False,146,False
1296,B,48,Low,Good,False,145,False
1297,B,35,Low,Fair,False,194,False
1298,A,53,High,Good,False,517,True
1299,B,19,Medium,Fair,True,95,False
1300,A,31,Medium,Good,False,476,False
1301,A,30,High,Fair,True,455,False
1302,B,46,High,Fair,False,493,False
1303,B,29,High,Excellent,False,580,False
1304,B,56,Very High,Poor,False,294,False
1305,B,19,Medium,Good,True,120,False
1306,B,49,High,Fair,True,371,False
1307,B,30,Medium,Poor,False,243,False
1308,A,63,High,Poor,False,364,False
1309,B,44,High,Fair,False,307,False
1310,A,66,High,Excellent,False,78,False
1311,A,58,High,Fair,False,468,False
1312,A,34,Low,Excellent,True,186,False
1313,A,57,Medium,Good,True,451,False
1314,B,48,Very High,Fair,True,280,True
1315,B,51,Very High,Good,True,402,False
1316,B,41,Low,Good,False,559,False
1317,A,62,Low,Good,False,356,False
1318,A,52,Low,Fair,False,126,False
1319,A,65,High,Fair,True,542,False
1320,A,23,High,Excellent,True,245,False
1321,B,36,Low,Excellent,True,161,False
1322,B,47,Medium,Excellent,True,289,False
1323,B,24,High,Fair,False,154,False
1324,A,27,High,Good,True,111,False
1325,B,58,Medium,Good,False,312,False
1326,B,49,Medium,Good,True,493,False
1327,B,51,Medium,Fair,False,88,False
1328,B,45,Medium,Good,False,573,False
1329,A,32,Medium,Fair,True,190,False
1330,A,47,High,Fair,False,313,False
1331,A,54,High,Excellent,False,135,False
1332,B,46,Medium,Fair,False,134,True
1333,A,39,High,Poor,True,468,False
1334,A,21,Low,Poor,False,257,False
1335,A,37,Medium,Excellent,False,455,False
1336,A,49,Low,Good,False,216,False
1337,B,53,Low,Fair,False,347,False
1338,B,67,High,Good,False,493,False
1339,A,21,Very High,Good,False,253,False
1340,A,44,Low,Fair,False,380,False
1341,A,34,Medium,Good,False,501,False
1342,A,29,High,Good,False,85,False
1343,A,39,Low,Good,False,208,False
1344,A,34,Medium,Fair,False,42,False
1345,A,27,High,Excellent,False,469,False
1346,B,71,Medium,Good,True,47,False
1347,B,18,Low,Fair,False,552,False
1348,A,39,Medium,Fair,False,142,True
1349,A,43,High,Poor,False,258,False
1350,B,73,Medium,Poor,False,200,False
1351,B,35,Low,Good,True,324,False
1352,B,67,High,Poor,False,218,False
1353,B,31,Low,Fair,True,455,False
1354,A,64,High,Good,False,230,True
1355,A,46,Low,Poor,False,476,False
1356,B,29,Very High,Excellent,False,211,True
1357,A,53,Medium,Fair,True,528,False
1358,B,52,Medium,Fair,False,310,False
1359,B,69,Low,Fair,True,80,False
1360,B,29,Medium,Fair,True,155,False
1361,A,24,High,Poor,True,287,False
1362,B,46,Very High,Good,True,259,False
1363,A,28,Medium,Excellent,False,39,False
1364,B,50,Medium,Fair,False,100,False
1365,B,23,High,Good,True,277,False
1366,A,64,High,Good,False,175,False
1367,B,32,Medium,Good,True,416,False
1368,B,49,Medium,Fair,False,247,False
1369,A,68,Medium,Fair,False,325,False
1370,A,28,High,Fair,False,259,False
1371,A,75,Low,Good,False,499,False
1372,A,40,Medium,Good,False,535,True
1373,A,43,Medium,Fair,True,222,False
1374,B,51,High,Fair,False,97,False
1375,A,63,Low,Excellent,True,523,True
1376,A,51,Medium,Good,False,846,True
1377,B,46,Medium,Excellent,False,166,True
1378,A,21,Medium,Good,False,392,False
1379,B,34,Low,Fair,True,340,False
1380,A,52,Medium,Good,False,503,False
1381,A,30,Medium,Good,True,184,False
1382,B,58,Medium,Poor,False,550,False
1383,B,56,Medium,Good,True,387,False
1384,B,32,High,Good,True,460,False
1385,B,72,High,Fair,False,228,False
1386,B,46,Medium,Good,False,327,False
1387,A,46,High,Good,True,464,True
1388,A,28,Medium,Excellent,True,477,False
1389,B,69,Low,Poor,False,293,False
1390,B,49,Low,Fair,False,227,False
1391,B,19,Medium,Good,False,157,False
1392,A,64,High,Fair,True,561,False
1393,A,31,High,Good,True,440,False
1394,B,37,High,Good,True,869,True
1395,A,39,Medium,Poor,True,94,False
1396,B,28,Medium,Good,False,113,False
1397,B,44,Low,Good,False,270,False
1398,A,20,Medium,Fair,True,398,False
1399,B,34,Medium,Excellent,True,565,False
1400,B,61,Low,Good,True,413,False
1401,A,73,Low,Good,False,460,False
1402,B,45,Medium,Good,False,112,False
1403,B,46,High,Good,True,860,True
1404,B,38,Very High,Excellent,True,726,True
1405,A,64,Very High,Good,False,534,False
1406,B,33,Medium,Good,False,540,False
1407,A,54,Medium,Excellent,False,570,False
1408,A,37,Medium,Fair,True,315,False
1409,B,23,High,Good,True,563,False
1410,A,36,Low,Fair,False,488,False
1411,A,74,Medium,Fair,True,241,False
1412,B,22,High,Fair,True,155,False
1413,B,20,Medium,Excellent,False,442,False
1414,B,18,Medium,Excellent,True,528,False
1415,B,75,Medium,Good,False,454,True
1416,A,55,Low,Good,True,583,False
1417,A,32,Medium,Good,True,158,False
1418,A,51,Medium,Excellent,False,572,True
1419,B,52,Low,Good,True,187,False
1420,B,66,Low,Fair,False,141,False
1421,B,42,High,Fair,False,431,False
1422,B,41,Medium,Good,True,343,False
1423,A,29,Medium,Good,False,151,False
1424,A,35,Medium,Fair,True,302,False
1425,A,32,Very High,Poor,False,323,False
1426,B,61,Medium,Good,True,427,False
1427,A,33,Medium,Poor,False,500,False
1428,B,44,High,Good,True,236,False
1429,A,25,High,Excellent,False,139,False
1430,A,63,Low,Fair,False,469,False
1431,A,42,High,Fair,False,307,False
1432,B,34,Medium,Good,True,597,False
1433,B,46,Medium,Good,True,598,False
1434,A,70,Low,Good,False,511,True
1435,A,25,Low,Excellent,False,524,False
1436,B,32,High,Poor,True,143,False
1437,A,44,Medium,Good,False,245,False
1438,B,63,Medium,Good,True,521,False
1439,B,67,High,Excellent,False,506,True
1440,A,69,High,Fair,True,565,False
1441,A,24,Low,Good,True,350,False
1442,B,20,Medium,Good,False,208,False
1443,A,46,Low,Fair,True,248,False
1444,A,61,High,Poor,False,45,False
1445,B,70,High,Excellent,False,557,False
1446,B,41,Very High,Fair,True,521,False
1447,B,75,Low,Fair,True,90,False
1448,B,20,Low,Fair,False,83,False
1449,A,37,Medium,Excellent,True,144,False
1450,A,63,Medium,Good,False,567,False
1451,B,32,Low,Good,False,426,False
1452,B,42,Very High,Fair,False,94,False
1453,A,47,Low,Good,True,132,False
1454,B,31,Medium,Good,True,207,False
1455,A,24,High,Good,True,344,False
1456,A,34,Medium,Excellent,True,200,False
1457,A,61,High,Poor,False,302,False
1458,A,37,Low,Good,False,190,False
1459,A,53,Medium,Poor,True,564,False
1460,A,26,Low,Good,True,420,False
1461,A,55,Low,Fair,True,484,False
1462,B,65,Very High,Fair,False,356,False
1463,B,74,Low,Fair,True,137,False
1464,B,39,Medium,Good,False,57,False
1465,B,71,Medium,Fair,True,191,False
1466,A,70,Medium,Good,False,576,False
1467,A,70,High,Fair,False,481,False
1468,B,19,Low,Poor,True,235,False
1469,A,41,High,Good,True,354,False
1470,B,25,Very High,Fair,False,45,False
1471,A,28,Medium,Fair,True,356,False
1472,B,30,Very High,Good,False,401,False
1473,A,34,Low,Fair,False,385,False
1474,B,25,Medium,Poor,False,31,False
1475,B,38,Medium,Fair,False,39,False
1476,B,35,High,Excellent,True,463,False
1477,A,47,Very High,Good,True,154,False
1478,B,35,Medium,Good,False,110,False
1479,B,63,High,Good,True,514,False
1480,B,64,Low,Fair,False,413,False
1481,B,48,Medium,Fair,True,867,True
1482,B,55,Medium,Good,True,179,True
1483,A,49,Very High,Poor,False,365,False
1484,B,28,Medium,Fair,True,369,False
1485,B,62,Medium,Fair,False,158,False
1486,B,42,Low,Fair,False,467,False
1487,A,50,Low,Excellent,False,543,False
1488,A,55,Low,Poor,False,530,False
1489,B,58,Medium,Good,False,87,False
1490,B,25,High,Fair,False,227,False
1491,A,28,Medium,Excellent,True,240,False
1492,B,39,Medium,Poor,False,74,False
1493,A,68,Low,Fair,False,126,False
1494,A,41,High,Good,False,308,False
1495,A,58,High,Good,False,564,False
1496,A,34,Low,Fair,True,439,False
1497,B,29,High,Fair,False,490,False
1498,A,74,Medium,Fair,False,420,False
1499,B,63,Low,Fair,True,420,False
1500,B,49,Medium,Fair,False,73,False
1501,B,32,Medium,Good,False,508,True
1502,B,33,Low,Fair,False,135,False
1503,A,71,Very High,Fair,False,126,False
1504,B,39,High,Good,False,577,False
1505,B,45,High,Excellent,True,391,False
1506,A,37,Medium,Good,False,596,False
1507,B,50,Medium,Poor,True,129,False
1508,B,27,High,Poor,False,248,False
1509,B,57,Medium,Excellent,False,214,False
1510,B,49,Low,Fair,True,233,True
1511,B,67,Medium,Poor,True,172,False
1512,A,50,High,Good,False,159,False
1513,B,19,Medium,Good,True,596,False
1514,B,50,Low,Good,False,289,False
1515,A,50,High,Fair,True,470,False
1516,A,58,Low,Poor,True,260,False
1517,A,30,Medium,Excellent,False,299,False
1518,B,47,Low,Fair,False,91,False
1519,B,50,Medium,Good,False,131,False
1520,A,30,High,Good,True,363,True
1521,B,69,Medium,Good,False,183,False
1522,A,43,Low,Fair,False,576,False
1523,B,39,High,Fair,False,108,False
1524,B,56,High,Good,False,490,False
1525,B,19,High,Excellent,False,491,False
1526,A,55,Low,Excellent,False,442,False
1527,A,56,Medium,Poor,True,575,False
1528,A,43,Very High,Fair,False,127,False
1529,A,63,High,Excellent,True,198,False
1530,B,75,Low,Good,False,586,False
1531,B,67,Low,Excellent,True,61,False
1532,B,32,Medium,Fair,False,571,False
1533,B,51,Very High,Good,False,544,False
1534,B,59,Medium,Good,True,343,False
1535,B,72,Medium,Good,True,61,False
1536,B,61,Low,Fair,True,316,False
1537,B,66,High,Poor,False,415,False
1538,A,57,High,Good,False,72,False
1539,A,28,Medium,Fair,True,566,False
1540,A,20,High,Good,False,30,False
1541,B,23,Very High,Excellent,True,340,False
1542,B,26,Low,Fair,False,299,True
1543,A,23,Medium,Good,False,209,True
1544,B,26,Medium,Fair,True,201,False
1545,B,56,High,Good,False,547,True
1546,A,48,Medium,Excellent,True,132,False
1547,A,49,Medium,Poor,True,39,False
1548,B,58,High,Poor,True,87,False
1549,B,67,Medium,Fair,True,449,True
1550,B,29,Very High,Poor,False,255,False
1551,B,25,Medium,Good,False,191,False
1552,B,25,Low,Excellent,False,100,False
1553,B,67,High,Fair,True,155,False
1554,B,45,High,Fair,True,238,False
1555,B,37,Medium,Fair,False,126,False
1556,A,64,High,Good,False,432,True
1557,A,24,Very High,Poor,True,594,False
1558,A,28,Medium,Good,False,220,False
1559,B,37,Very High,Good,False,513,False
1560,B,33,Low,Good,False,383,False
1561,B,21,Low,Fair,False,129,False
1562,A,23,Low,Good,True,677,True
1563,A,75,High,Poor,True,520,False
1564,A,39,High,Fair,False,582,False
1565,A,43,Low,Excellent,True,61,False
1566,B,20,Medium,Good,False,556,False
1567,A,58,Medium,Poor,False,358,False
1568,A,59,Low,Fair,True,517,False
1569,B,31,High,Fair,False,313,False
1570,A,28,High,Fair,True,357,False
1571,B,35,Medium,Fair,False,581,False
1572,B,71,Very High,Poor,False,523,False
1573,A,29,Medium,Good,False,216,False
1574,B,40,Very High,Good,False,527,False
1575,B,29,High,Good,False,471,False
1576,B,30,Medium,Good,False,159,False
1577,A,42,Low,Poor,False,258,False
1578,B,62,High,Excellent,True,321,False
1579,A,68,Medium,Good,True,143,False
1580,A,75,Low,Good,True,228,False
1581,A,36,Low,Good,True,42,False
1582,B,72,Medium,Excellent,False,300,False
1583,A,63,Medium,Good,False,311,False
1584,A,53,High,Fair,False,244,False
1585,B,62,High,Good,True,473,False
1586,A,25,Low,Good,False,819,True
1587,A,46,High,Good,True,541,False
1588,A,72,Low,Good,False,476,True
1589,A,70,High,Poor,False,146,False
1590,A,72,High,Fair,True,103,False
1591,A,49,Medium,Excellent,True,566,False
1592,B,68,High,Good,True,130,False
1593,A,61,Medium,Good,False,205,False
1594,A,35,Medium,Fair,False,456,False
1595,B,23,High,Fair,False,146,False
1596,A,35,Medium,Excellent,True,195,False
1597,B,36,Medium,Good,False,70,False
1598,A,39,Medium,Good,False,458,False
1599,A,54,High,Good,False,373,False
1600,A,49,Medium,Good,True,453,False
1601,A,73,Low,Fair,True,395,False
1602,A,58,High,Good,False,149,False
1603,A,20,High,Fair,True,215,False
1604,A,45,Low,Fair,True,179,False
1605,A,27,Low,Good,True,567,False
1606,A,68,Low,Excellent,False,258,False
1607,A,52,Medium,Poor,False,307,False
1608,A,46,Medium,Good,False,159,False
1609,B,71,High,Fair,False,381,False
1610,B,32,High,Fair,False,347,False
1611,A,50,Medium,Poor,True,262,False
1612,B,24,Medium,Fair,False,280,False
1613,B,29,High,Good,True,366,True
1614,A,66,Medium,Poor,False,302,False
1615,B,47,Very High,Good,True,146,False
1616,B,38,Medium,Excellent,True,215,False
1617,A,48,Low,Poor,True,397,False
1618,A,75,High,Good,True,123,False
1619,B,41,Medium,Fair,True,197,True
1620,B,37,High,Good,True,461,False
1621,A,54,Low,Fair,False,370,False
1622,A,21,Low,Fair,False,239,False
1623,A,45,High,Fair,False,401,False
1624,A,61,Low,Poor,False,181,False
1625,B,37,High,Fair,False,150,False
1626,A,41,Medium,Good,False,303,False
1627,A,67,Medium,Excellent,False,583,False
1628,B,66,High,Good,True,525,False
1629,A,68,Medium,Good,True,553,False
1630,A,49,Medium,Poor,False,130,False
1631,B,58,Low,Fair,False,586,False
1632,B,53,Low,Fair,False,111,False
1633,B,75,Medium,Fair,True,558,False
1634,B,70,High,Good,True,102,False
1635,A,51,Very High,Good,False,43,False
1636,A,53,High,Fair,True,462,False
1637,B,19,High,Fair,False,186,False
1638,A,32,High,Good,False,380,False
1639,A,51,High,Good,False,161,False
1640,A,53,Medium,Fair,False,367,True
1641,A,23,Very High,Excellent,False,433,False
1642,A,56,High,Excellent,False,405,False
1643,A,59,Medium,Fair,False,588,False
1644,A,68,Low,Fair,False,136,False
1645,A,68,Medium,Good,True,649,True
1646,B,75,Medium,Excellent,True,294,False
1647,B,71,High,Excellent,True,234,False
1648,B,29,Medium,Poor,False,108,False
1649,B,20,Medium,Fair,False,184,False
1650,A,62,Very High,Good,False,333,False
1651,A,35,Low,Good,True,276,True
1652,B,57,Medium,Fair,True,560,False
1653,B,38,Low,Excellent,False,422,False
1654,B,32,High,Good,True,567,False
1655,A,50,Very High,Good,False,434,False
1656,A,52,Medium,Excellent,False,183,False
1657,A,43,High,Good,False,183,False
1658,A,25,Medium,Fair,True,585,False
1659,B,53,Very High,Good,True,121,False
1660,B,65,High,Fair,True,462,False
1661,A,47,High,Good,False,367,False
1662,B,40,Low,Fair,False,509,True
1663,B,59,Very High,Good,True,105,False
1664,A,61,High,Fair,False,160,False
1665,A,31,Medium,Poor,False,479,False
1666,A,31,High,Fair,True,244,False
1667,A,19,Medium,Poor,False,422,False
1668,A,72,High,Good,False,302,False
1669,A,54,Low,Good,True,376,False
1670,A,22,High,Good,True,206,False
1671,A,55,Medium,Fair,False,452,False
1672,B,62,Low,Poor,False,144,False
1673,A,58,Low,Poor,False,60,False
1674,B,71,Low,Fair,False,78,False
1675,A,64,Medium,Excellent,False,596,False
1676,B,31,Medium,Fair,True,568,False
1677,A,73,Medium,Fair,False,384,False
1678,A,56,Medium,Poor,False,562,False
1679,B,42,Medium,Fair,True,337,False
1680,B,37,High,Good,False,370,False
1681,B,19,Low,Good,False,284,False
1682,A,56,Very High,Fair,True,566,False
1683,A,23,High,Poor,False,75,False
1684,B,34,High,Fair,True,331,False
1685,B,42,Medium,Fair,True,352,False
1686,B,74,High,Fair,True,437,False
1687,B,45,Low,Excellent,False,218,False
1688,A,19,Low,Good,False,589,False
1689,B,52,Low,Good,True,400,False
1690,A,54,High,Fair,False,158,False
1691,A,22,Low,Fair,True,590,False
1692,A,18,Medium,Good,False,566,False
1693,B,57,Very High,Good,False,295,False
1694,A,29,High,Good,False,147,True
1695,A,73,Medium,Fair,False,493,False
1696,B,53,Low,Good,True,173,False
1697,A,62,High,Fair,True,471,False
1698,B,40,Medium,Excellent,False,229,False
1699,A,64,Low,Good,False,186,False
1700,A,48,Low,Good,True,516,False
1701,B,28,Very High,Poor,True,241,False
1702,A,27,High,Good,True,163,False
1703,A,20,High,Poor,False,177,False
1704,A,71,High,Fair,True,365,False
1705,A,31,Medium,Poor,False,100,False
1706,B,33,Medium,Good,False,262,False
1707,A,27,Medium,Fair,False,363,False
1708,B,46,Medium,Fair,True,840,True
1709,A,27,Medium,Excellent,False,201,False
1710,B,29,High,Fair,True,119,False
1711,B,47,Medium,Good,False,363,False
1712,B,58,High,Fair,False,228,False
1713,A,18,Medium,Poor,True,190,False
1714,A,22,Medium,Good,False,567,False
1715,A,37,Medium,Poor,False,150,False
1716,B,25,Medium,Good,False,330,False
1717,B,60,High,Good,True,243,False
1718,B,29,Low,Good,False,359,False
1719,A,18,Medium,Good,False,465,False
1720,B,74,Low,Fair,False,97,False
1721,B,71,Medium,Poor,False,119,False
1722,A,37,Medium,Good,True,488,True
1723,A,45,High,Good,False,543,False
1724,B,74,Very High,Good,False,427,False
1725,B,60,Medium,Good,False,649,True
1726,B,54,High,Good,False,315,False
1727,A,64,Medium,Good,True,590,False
1728,B,54,Medium,Fair,True,169,False
1729,A,29,Low,Good,True,759,True
1730,A,54,Medium,Good,True,585,False
1731,A,66,Medium,Fair,False,215,False
1732,B,66,Medium,Excellent,True,187,False
1733,B,73,Low,Excellent,True,388,False
1734,B,61,Low,Good,False,495,False
1735,A,73,Medium,Poor,False,517,False
1736,B,45,Very High,Fair,False,311,False
1737,A,64,Medium,Good,False,46,False
1738,B,32,Medium,Excellent,True,355,False
1739,A,23,Low,Fair,False,575,False
1740,A,61,Medium,Poor,False,231,False
1741,A,37,Medium,Excellent,True,486,False
1742,A,67,Low,Fair,False,116,False
1743,B,31,Medium,Good,False,108,False
1744,B,19,Low,Excellent,True,234,True
1745,A,26,Low,Poor,True,36,False
1746,B,54,Low,Good,True,366,False
1747,A,37,Low,Poor,True,283,False
1748,B,43,Low,Fair,False,333,False
1749,B,46,Medium,Good,False,409,False
1750,B,18,High,Fair,True,159,False
1751,A,72,Medium,Excellent,False,257,False
1752,B,52,Medium,Good,False,305,False
1753,B,23,Medium,Fair,False,163,False
1754,A,54,Very High,Fair,False,587,False
1755,A,70,Medium,Fair,True,212,False
1756,B,22,Low,Fair,False,297,False
1757,B,50,Medium,Poor,False,288,False
1758,B,66,Low,Fair,False,351,False
1759,B,68,Medium,Good,False,541,False
1760,B,31,Medium,Good,True,130,False
1761,A,29,High,Good,False,107,False
1762,A,59,Medium,Good,True,492,False
1763,A,37,High,Poor,False,368,False
1764,B,70,Very High,Fair,False,535,False
1765,A,67,Low,Good,True,585,False
1766,B,41,Medium,Good,False,538,False
1767,B,60,Medium,Poor,True,267,False
1768,B,51,Medium,Good,False,163,False
1769,A,42,Medium,Good,False,221,False
1770,B,67,Very High,Good,False,385,True
1771,A,46,High,Poor,False,307,False
1772,B,74,Medium,Good,False,47,False
1773,A,56,Medium,Good,False,553,True
1774,A,48,High,Good,False,209,False
1775,B,73,Very High,Good,False,152,False
1776,A,64,High,Good,True,275,False
1777,A,60,Low,Good,False,317,False
1778,B,67,Medium,Poor,True,402,True
1779,B,40,Low,Good,False,156,True
1780,B,61,Medium,Good,True,100,False
1781,B,55,Low,Good,True,509,False
1782,B,37,Medium,Fair,False,589,False
1783,A,40,High,Fair,False,48,False
1784,A,62,Low,Excellent,True,496,False
1785,A,69,Medium,Good,True,113,False
1786,B,33,Medium,Excellent,False,184,True
1787,B,67,Medium,Good,False,594,False
1788,A,59,Low,Good,True,462,False
1789,A,72,Medium,Good,True,386,False
1790,B,25,High,Excellent,False,432,False
1791,A,67,Low,Good,True,444,False
1792,B,38,Low,Good,False,472,False
1793,B,18,Medium,Fair,False,98,False
1794,B,72,Very High,Good,False,552,False
1795,A,25,High,Good,True,172,False
1796,B,46,High,Fair,False,221,False
1797,B,49,Medium,Fair,False,416,False
1798,B,55,Medium,Fair,False,407,False
1799,B,22,Low,Fair,False,195,False
1800,B,64,Medium,Fair,False,564,False
1801,B,39,Very High,Fair,False,533,False
1802,A,64,Medium,Excellent,False,322,False
1803,B,51,High,Good,False,38,False
1804,B,18,High,Fair,False,300,False
1805,A,72,Low,Poor,False,416,False
1806,B,72,Very High,Good,True,122,True
1807,B,43,Low,Fair,False,558,True
1808,B,60,Medium,Good,False,183,False
1809,A,27,Low,Good,True,434,False
1810,A,47,Low,Good,True,489,False
1811,B,67,Medium,Fair,False,178,False
1812,B,35,Medium,Good,False,296,False
1813,A,34,Medium,Fair,False,451,False
1814,B,43,Medium,Excellent,True,50,False
1815,B,25,Low,Good,False,44,False
1816,B,64,Low,Fair,True,501,False
1817,B,57,Medium,Fair,False,576,False
1818,A,66,Medium,Fair,True,509,False
1819,A,29,High,Good,True,555,False
1820,A,44,High,Fair,True,532,False
1821,B,25,High,Good,True,43,False
1822,A,42,High,Fair,True,550,False
1823,A,63,Medium,Good,True,448,False
1824,A,21,High,Good,False,835,True
1825,B,50,Medium,Good,False,393,False
1826,B,18,Medium,Good,True,148,True
1827,A,36,High,Fair,False,267,False
1828,A,48,Medium,Poor,True,575,False
1829,B,33,High,Good,False,198,False
1830,A,31,High,Fair,True,551,False
1831,A,70,High,Fair,True,96,False
1832,A,65,Very High,Poor,False,41,False
1833,A,22,Medium,Fair,False,428,False
1834,A,58,Medium,Poor,False,509,False
1835,A,43,Medium,Excellent,False,809,True
1836,A,45,Medium,Fair,False,457,False
1837,B,19,Medium,Good,True,545,False
1838,A,67,High,Poor,True,426,True
1839,B,23,High,Good,True,373,False
1840,B,26,Medium,Fair,True,135,False
1841,A,50,Low,Excellent,False,114,False
1842,B,58,Medium,Excellent,False,243,False
1843,A,42,Low,Fair,True,150,False
1844,B,65,High,Excellent,False,161,False
1845,A,30,Medium,Excellent,False,243,False
1846,A,26,Low,Good,True,226,False
1847,A,70,Low,Good,True,48,False
1848,B,30,Medium,Fair,True,342,False
1849,B,48,Medium,Good,True,41,False
1850,B,58,Medium,Poor,True,110,False
1851,A,28,Low,Poor,False,359,True
1852,B,21,Medium,Excellent,True,499,False
1853,A,51,Medium,Fair,True,145,False
1854,B,55,High,Good,False,421,False
1855,A,63,Medium,Good,False,235,False
1856,A,21,Medium,Excellent,False,336,False
1857,A,55,Low,Excellent,True,296,True
1858,A,36,Very High,Fair,True,476,False
1859,B,23,Medium,Poor,False,470,False
1860,A,51,High,Fair,True,504,False
1861,B,35,Low,Poor,True,334,False
1862,A,30,Medium,Poor,False,31,False
1863,B,58,Low,Fair,False,549,False
1864,A,40,Medium,Good,False,311,False
1865,A,36,Very High,Good,False,36,False
1866,B,62,Medium,Fair,False,121,False
1867,A,28,Low,Good,True,338,False
1868,A,18,Low,Fair,True,540,False
1869,B,41,Medium,Poor,True,551,False
1870,B,71,Low,Good,True,498,True
1871,A,24,Low,Good,False,241,False
1872,A,42,High,Good,False,141,False
1873,B,38,Medium,Poor,False,37,False
1874,A,32,Medium,Good,True,226,False
1875,A,18,Very High,Good,True,506,False
1876,A,29,Low,Good,True,489,False
1877,B,75,Very High,Good,True,282,False
1878,B,24,Medium,Excellent,True,555,False
1879,A,32,High,Good,False,500,False
1880,A,38,Medium,Good,False,467,False
1881,A,36,High,Excellent,False,395,False
1882,B,46,Very High,Good,False,432,False
1883,A,42,Medium,Fair,False,333,False
1884,A,50,Very High,Good,True,265,False
1885,B,66,Medium,Fair,True,335,False
1886,A,49,Medium,Fair,True,507,False
1887,B,66,Medium,Good,False,708,True
1888,A,52,Medium,Excellent,False,522,True
1889,A,61,Low,Excellent,True,245,False
1890,A,55,Medium,Fair,False,568,False
1891,B,43,Medium,Good,False,164,True
1892,B,28,High,Fair,True,158,False
1893,B,52,High,Excellent,True,439,False
1894,A,25,Medium,Excellent,False,451,False
1895,B,63,Medium,Good,False,323,False
1896,A,31,Medium,Good,True,275,False
1897,A,27,Low,Good,False,423,False
1898,B,19,Low,Good,True,585,False
1899,A,63,Medium,Poor,False,115,False
1900,A,26,Medium,Good,False,585,False
1901,A,20,Very High,Good,False,461,False
1902,A,38,Medium,Good,False,404,False
1903,A,43,Medium,Fair,False,475,False
1904,B,25,Medium,Excellent,False,407,True
1905,A,65,Low,Fair,True,419,False
1906,B,19,Medium,Good,False,251,False
1907,B,23,Medium,Good,True,80,False
1908,A,45,Medium,Good,False,271,False
1909,A,70,Medium,Good,False,323,False
1910,A,46,Very High,Fair,False,592,False
1911,B,43,High,Fair,False,295,False
1912,A,42,Medium,Good,False,149,False
1913,B,29,Medium,Good,True,35,False
1914,A,22,Medium,Fair,False,277,False
1915,B,51,Low,Good,True,99,False
1916,A,65,Medium,Good,True,184,False
1917,A,54,Low,Good,True,619,True
1918,B,32,Medium,Good,False,411,False
1919,B,61,Medium,Fair,False,68,False
1920,A,53,Low,Poor,False,598,False
1921,B,32,Very High,Good,False,472,True
1922,A,60,Very High,Good,True,47,False
1923,B,65,High,Good,True,228,False
1924,B,40,Medium,Good,False,339,False
1925,A,23,High,Good,False,310,False
1926,A,63,Low,Excellent,False,381,False
1927,A,67,High,Good,True,181,False
1928,B,61,Low,Good,False,327,False
1929,B,60,High,Fair,False,312,True
1930,A,62,Medium,Fair,True,264,False
1931,A,38,High,Good,False,139,False
1932,B,40,Very High,Fair,False,209,False
1933,B,60,Low,Excellent,False,573,False
1934,B,72,Medium,Good,True,377,False
1935,A,33,Very High,Good,False,108,False
1936,A,64,Medium,Fair,True,54,False
1937,A,70,High,Poor,True,337,False
1938,B,32,Medium,Poor,False,38,False
1939,A,42,Medium,Fair,False,142,False
1940,B,53,Medium,Poor,True,86,False
1941,A,28,Low,Good,False,209,False
1942,B,68,High,Excellent,False,261,False
1943,B,32,Medium,Excellent,False,372,True
1944,B,21,Medium,Good,False,506,False
1945,A,38,Medium,Fair,False,94,False
1946,A,30,Medium,Excellent,False,605,True
1947,A,39,High,Excellent,True,484,False
1948,B,36,Very High,Fair,True,261,False
1949,B,51,Medium,Good,False,318,False
1950,B,31,High,Fair,False,242,False
1951,B,21,High,Good,False,287,False
1952,B,65,Medium,Excellent,True,559,False
1953,A,70,Very High,Poor,True,246,False
1954,B,69,Low,Excellent,False,258,False
1955,A,63,Low,Good,True,255,False
1956,A,44,High,Excellent,False,247,False
1957,B,46,Medium,Good,True,832,True
1958,A,64,High,Good,False,464,False
1959,A,45,High,Poor,False,147,False
1960,B,52,Low,Fair,True,431,False
1961,A,25,High,Poor,False,209,False
1962,B,33,Medium,Excellent,True,264,False
1963,A,59,Medium,Good,False,117,False
1964,A,53,Medium,Excellent,False,51,False
1965,A,47,Very High,Excellent,False,571,False
1966,A,35,Low,Poor,False,599,False
1967,B,19,Medium,Fair,False,338,False
1968,A,66,High,Poor,True,372,True
1969,B,30,High,Fair,True,465,False
1970,A,21,High,Fair,False,206,True
1971,B,43,Low,Good,False,168,False
1972,B,42,Medium,Fair,False,223,False
1973,B,47,Medium,Poor,False,215,False
1974,A,28,High,Fair,False,247,False
1975,A,24,Medium,Poor,False,193,False
1976,A,48,Low,Excellent,False,190,False
1977,B,61,Very High,Good,False,554,False
1978,A,27,Low,Excellent,False,837,True
1979,A,56,Very High,Fair,True,159,False
1980,B,30,High,Fair,True,122,False
1981,A,48,High,Good,True,71,False
1982,B,24,Medium,Fair,True,239,False
1983,A,73,Low,Fair,True,492,False
1984,A,66,High,Fair,False,891,True
1985,B,59,High,Poor,False,304,False
1986,A,59,High,Fair,False,308,False
1987,B,73,Low,Fair,False,280,False
1988,A,53,High,Good,True,339,False
1989,A,37,High,Poor,True,362,False
1990,B,21,High,Fair,True,60,False
1991,B,71,High,Good,False,169,False
1992,B,24,High,Poor,True,821,True
1993,A,71,Medium,Fair,True,575,False
1994,B,18,Low,Excellent,False,328,False
1995,A,61,Medium,Fair,False,559,True
1996,A,73,Low,Poor,True,86,False
1997,B,62,Medium,Good,False,141,False
1998,A,59,Medium,Fair,False,34,False
1999,B,64,Low,Good,False,439,False
2000,A,30,Medium,Good,False,443,False
